{
  "name": "central_fine",
  "region_name": "central",
  "resolution_km": 1.0,
  "grid_type": "regular",
  "origin": [
    -124.0,
    34.5
  ],
  "nx": 356,
  "ny": 500,
  "dx": 0.011243639488905137,
  "dy": 0.009009009009009009,
  "spectral": {
    "n_dir": 36,
    "freq_min": 0.04,
    "freq_max": 1.0,
    "n_freq": 31,
    "dir_type": "CIRCLE"
  },
  "exception_value": -99.0,
  "idla": 4,
  "depth_shape": [
    501,
    357
  ],
  "depth_stats": {
    "min": 1.0,
    "max": 4354.0,
    "n_ocean_cells": 92396,
    "n_land_cells": 86461
  },
  "swan_commands": {
    "cgrid": "CGRID REG -124.0000 34.5000 0 4.0027 4.5045 356 500 CIRCLE 36 0.04 1.0 31",
    "inpgrid": "INPGRID BOTTOM REG -124.0000 34.5000 0 356 500 0.011244 0.009009 EXCEPTION -99.0",
    "readinp": "READINP BOTTOM 1 'central_fine.bot' 4 0 FREE"
  }
}