{
  "name": "socal_fine",
  "region_name": "socal",
  "resolution_km": 1.0,
  "grid_type": "regular",
  "origin": [
    -121.0,
    32.0
  ],
  "nx": 371,
  "ny": 333,
  "dx": 0.010803648138154034,
  "dy": 0.009009009009009009,
  "spectral": {
    "n_dir": 36,
    "freq_min": 0.04,
    "freq_max": 1.0,
    "n_freq": 31,
    "dir_type": "CIRCLE"
  },
  "exception_value": -99.0,
  "idla": 4,
  "depth_shape": [
    334,
    372
  ],
  "depth_stats": {
    "min": 1.0,
    "max": 3977.0,
    "n_ocean_cells": 82130,
    "n_land_cells": 42118
  },
  "swan_commands": {
    "cgrid": "CGRID REG -121.0000 32.0000 0 4.0082 3.0000 371 333 CIRCLE 36 0.04 1.0 31",
    "inpgrid": "INPGRID BOTTOM REG -121.0000 32.0000 0 371 333 0.010804 0.009009 EXCEPTION -99.0",
    "readinp": "READINP BOTTOM 1 'socal_fine.bot' 4 0 FREE"
  }
}