{
  "name": "central_coarse",
  "region_name": "central",
  "resolution_km": 5.0,
  "grid_type": "regular",
  "origin": [
    -124.0,
    34.5
  ],
  "nx": 72,
  "ny": 100,
  "dx": 0.056218197444525685,
  "dy": 0.04504504504504504,
  "spectral": {
    "n_dir": 36,
    "freq_min": 0.04,
    "freq_max": 1.0,
    "n_freq": 31,
    "dir_type": "CIRCLE"
  },
  "exception_value": -99.0,
  "idla": 4,
  "depth_shape": [
    101,
    73
  ],
  "depth_stats": {
    "min": 1.0,
    "max": 4349.0,
    "n_ocean_cells": 3761,
    "n_land_cells": 3612
  },
  "swan_commands": {
    "cgrid": "CGRID REG -124.0000 34.5000 0 4.0477 4.5045 72 100 CIRCLE 36 0.04 1.0 31",
    "inpgrid": "INPGRID BOTTOM REG -124.0000 34.5000 0 72 100 0.056218 0.045045 EXCEPTION -99.0",
    "readinp": "READINP BOTTOM 1 'central_coarse.bot' 4 0 FREE"
  }
}